{
  "project_info": {
    "project_number": "731045705209",
    "project_id": "blogapp-d0f4b",
    "storage_bucket": "blogapp-d0f4b.appspot.com"
  },
  "client": [
    {
      "client_info": {
        "mobilesdk_app_id": "1:731045705209:android:7e193867eaabc8fb427928",
        "android_client_info": {
          "package_name": "com.example.blogapp"
        }
      },
      "oauth_client": [],
      "api_key": [
        {
          "current_key": "AIzaSyBZEVwbyzbyFjWG5_wBa0jWkmCIwmnaO8Q"
        }
      ],
      "services": {
        "appinvite_service": {
          "other_platform_oauth_client": []
        }
      }
    }
  ],
  "configuration_version": "1"
}